Rede;Etapa;Componente Curricular;Escola;Previstos;Avaliados;% Participação;Acerto Total;Muito baixo;Baixo;Médio;Alto;H 01 (%);H 02 (%);H 03 (%);H 04 (%);H 05 (%);H 06 (%);H 07 (%);H 08 (%);H 09 (%);H 10 (%);H 11 (%);H 12 (%)
PÚBLICA;ENSINO FUNDAMENTAL DE 9 ANOS - 9º ANO;CIÊNCIAS DA NATUREZA;COLEGIO MUNICIPAL DOUTOR SCIPIAO TORRES - 29023270;118;85;72%;42%;13%;56%;27%;4%;43;41;37;35;46;35;56;57;54;36;26;34
MUNICIPAL;ENSINO FUNDAMENTAL DE 9 ANOS - 9º ANO;CIÊNCIAS DA NATUREZA;COLEGIO MUNICIPAL DOUTOR SCIPIAO TORRES - 29023270;118;85;72%;42%;13%;56%;27%;4%;43;41;37;35;46;35;56;57;54;36;26;34
PÚBLICA;ENSINO FUNDAMENTAL DE 9 ANOS - 9º ANO;CIÊNCIAS DA NATUREZA;COLEGIO MUNICIPAL PROFESSOR IVO BRAGA - 29023262;83;68;82%;52%;9%;44%;28%;19%;52;54;44;36;57;50;59;65;66;38;45;54
MUNICIPAL;ENSINO FUNDAMENTAL DE 9 ANOS - 9º ANO;CIÊNCIAS DA NATUREZA;COLEGIO MUNICIPAL PROFESSOR IVO BRAGA - 29023262;83;68;82%;52%;9%;44%;28%;19%;52;54;44;36;57;50;59;65;66;38;45;54
PÚBLICA;ENSINO FUNDAMENTAL DE 9 ANOS - 9º ANO;CIÊNCIAS DA NATUREZA;ESCOLA MUNICIPAL ANTONIO RIBEIRO DOS SANTOS - 29378842;93;87;94%;59%;5%;34%;40%;21%;60;60;41;40;62;55;70;73;70;57;53;67
MUNICIPAL;ENSINO FUNDAMENTAL DE 9 ANOS - 9º ANO;CIÊNCIAS DA NATUREZA;ESCOLA MUNICIPAL ANTONIO RIBEIRO DOS SANTOS - 29378842;93;87;94%;59%;5%;34%;40%;21%;60;60;41;40;62;55;70;73;70;57;53;67
PÚBLICA;ENSINO FUNDAMENTAL DE 9 ANOS - 9º ANO;CIÊNCIAS DA NATUREZA;ESCOLA MUNICIPAL BARNABE HIPOLITO DA CRUZ - 29023491;25;25;100%;45%;12%;48%;40%;0%;46;50;48;36;54;26;60;44;48;34;34;54
MUNICIPAL;ENSINO FUNDAMENTAL DE 9 ANOS - 9º ANO;CIÊNCIAS DA NATUREZA;ESCOLA MUNICIPAL BARNABE HIPOLITO DA CRUZ - 29023491;25;25;100%;45%;12%;48%;40%;0%;46;50;48;36;54;26;60;44;48;34;34;54
PÚBLICA;ENSINO FUNDAMENTAL DE 9 ANOS - 9º ANO;CIÊNCIAS DA NATUREZA;ESCOLA MUNICIPAL CORACAO DE JESUS - 29024269;21;20;95%;36%;15%;85%;0%;0%;40;38;18;30;25;35;35;47;40;50;40;30
MUNICIPAL;ENSINO FUNDAMENTAL DE 9 ANOS - 9º ANO;CIÊNCIAS DA NATUREZA;ESCOLA MUNICIPAL CORACAO DE JESUS - 29024269;21;20;95%;36%;15%;85%;0%;0%;40;38;18;30;25;35;35;47;40;50;40;30
PÚBLICA;ENSINO FUNDAMENTAL DE 9 ANOS - 9º ANO;CIÊNCIAS DA NATUREZA;ESCOLA MUNICIPAL EURICO GASPAR DUTRA - 29023769;4;4;100%;38%;25%;25%;50%;0%;50;63;13;25;38;25;33;50;75;25;25;38
MUNICIPAL;ENSINO FUNDAMENTAL DE 9 ANOS - 9º ANO;CIÊNCIAS DA NATUREZA;ESCOLA MUNICIPAL EURICO GASPAR DUTRA - 29023769;4;4;100%;38%;25%;25%;50%;0%;50;63;13;25;38;25;33;50;75;25;25;38
PÚBLICA;ENSINO FUNDAMENTAL DE 9 ANOS - 9º ANO;CIÊNCIAS DA NATUREZA;ESCOLA MUNICIPAL JOAO FRANCISCO FELIX - 29023289;13;13;100%;46%;8%;62%;31%;0%;54;54;23;49;35;19;56;44;54;54;35;65
MUNICIPAL;ENSINO FUNDAMENTAL DE 9 ANOS - 9º ANO;CIÊNCIAS DA NATUREZA;ESCOLA MUNICIPAL JOAO FRANCISCO FELIX - 29023289;13;13;100%;46%;8%;62%;31%;0%;54;54;23;49;35;19;56;44;54;54;35;65
PÚBLICA;ENSINO FUNDAMENTAL DE 9 ANOS - 9º ANO;CIÊNCIAS DA NATUREZA;ESCOLA MUNICIPAL JOSE CARLOS ALELUIA - 29024404;51;50;98%;47%;6%;60%;28%;6%;51;47;27;35;36;30;60;51;75;52;39;54
MUNICIPAL;ENSINO FUNDAMENTAL DE 9 ANOS - 9º ANO;CIÊNCIAS DA NATUREZA;ESCOLA MUNICIPAL JOSE CARLOS ALELUIA - 29024404;51;50;98%;47%;6%;60%;28%;6%;51;47;27;35;36;30;60;51;75;52;39;54
PÚBLICA;ENSINO FUNDAMENTAL DE 9 ANOS - 9º ANO;CIÊNCIAS DA NATUREZA;ESCOLA MUNICIPAL LIBERATO FELIX MARTINS - 29361591;7;7;100%;34%;14%;86%;0%;0%;57;57;29;14;43;29;24;33;57;29;29;29
MUNICIPAL;ENSINO FUNDAMENTAL DE 9 ANOS - 9º ANO;CIÊNCIAS DA NATUREZA;ESCOLA MUNICIPAL LIBERATO FELIX MARTINS - 29361591;7;7;100%;34%;14%;86%;0%;0%;57;57;29;14;43;29;24;33;57;29;29;29
PÚBLICA;ENSINO FUNDAMENTAL DE 9 ANOS - 9º ANO;CIÊNCIAS DA NATUREZA;ESCOLA MUNICIPAL OTAVIANO MATOS - 29023955;20;19;95%;45%;5%;58%;37%;0%;37;61;34;44;58;32;47;42;71;37;34;42
MUNICIPAL;ENSINO FUNDAMENTAL DE 9 ANOS - 9º ANO;CIÊNCIAS DA NATUREZA;ESCOLA MUNICIPAL OTAVIANO MATOS - 29023955;20;19;95%;45%;5%;58%;37%;0%;37;61;34;44;58;32;47;42;71;37;34;42
PÚBLICA;ENSINO FUNDAMENTAL DE 9 ANOS - 9º ANO;CIÊNCIAS DA NATUREZA;ESCOLA MUNICIPAL PADRE ADOLFO ANTUNES - 29023637;18;18;100%;48%;6%;44%;50%;0%;39;58;14;54;36;50;56;67;78;39;28;36
MUNICIPAL;ENSINO FUNDAMENTAL DE 9 ANOS - 9º ANO;CIÊNCIAS DA NATUREZA;ESCOLA MUNICIPAL PADRE ADOLFO ANTUNES - 29023637;18;18;100%;48%;6%;44%;50%;0%;39;58;14;54;36;50;56;67;78;39;28;36
PÚBLICA;ENSINO FUNDAMENTAL DE 9 ANOS - 9º ANO;CIÊNCIAS DA NATUREZA;ESCOLA MUNICIPAL PROFESSORA MARIA JULIA - 29023408;7;7;100%;47%;14%;57%;29%;0%;36;57;29;43;64;29;71;76;43;36;43;7
MUNICIPAL;ENSINO FUNDAMENTAL DE 9 ANOS - 9º ANO;CIÊNCIAS DA NATUREZA;ESCOLA MUNICIPAL PROFESSORA MARIA JULIA - 29023408;7;7;100%;47%;14%;57%;29%;0%;36;57;29;43;64;29;71;76;43;36;43;7
PÚBLICA;ENSINO FUNDAMENTAL DE 9 ANOS - 9º ANO;CIÊNCIAS DA NATUREZA;ESCOLA MUNICIPAL SANTA RITA - 29361214;15;15;100%;66%;0%;13%;53%;33%;77;53;70;73;80;17;73;69;83;73;63;47
MUNICIPAL;ENSINO FUNDAMENTAL DE 9 ANOS - 9º ANO;CIÊNCIAS DA NATUREZA;ESCOLA MUNICIPAL SANTA RITA - 29361214;15;15;100%;66%;0%;13%;53%;33%;77;53;70;73;80;17;73;69;83;73;63;47