Rede;Etapa;Componente Curricular;Escola;Previstos;Avaliados;% Participação;Acerto Total;Defasagem;Aprendizado intermediário;Aprendizado adequado;H 01 (%);H 02 (%);H 03 (%);H 04 (%);H 05 (%);H 06 (%);H 07 (%);H 08 (%);H 09 (%);H 10 (%);H 11 (%);H 12 (%);H 13 (%);H 14 (%);H 15 (%);H 16 (%);H 17 (%)
PÚBLICA;ENSINO FUNDAMENTAL DE 9 ANOS - 9º ANO;LÍNGUA PORTUGUESA;COLEGIO MUNICIPAL DOUTOR SCIPIAO TORRES - 29023270;118;107;91%;53%;53%;30%;17%;77;69;69;51;62;46;50;62;39;59;32;57;50;60;35;60;35
MUNICIPAL;ENSINO FUNDAMENTAL DE 9 ANOS - 9º ANO;LÍNGUA PORTUGUESA;COLEGIO MUNICIPAL DOUTOR SCIPIAO TORRES - 29023270;118;107;91%;53%;53%;30%;17%;77;69;69;51;62;46;50;62;39;59;32;57;50;60;35;60;35
PÚBLICA;ENSINO FUNDAMENTAL DE 9 ANOS - 9º ANO;LÍNGUA PORTUGUESA;COLEGIO MUNICIPAL PROFESSOR IVO BRAGA - 29023262;83;70;84%;54%;49%;31%;20%;66;76;56;56;61;46;56;62;42;60;46;33;46;51;39;89;36
MUNICIPAL;ENSINO FUNDAMENTAL DE 9 ANOS - 9º ANO;LÍNGUA PORTUGUESA;COLEGIO MUNICIPAL PROFESSOR IVO BRAGA - 29023262;83;70;84%;54%;49%;31%;20%;66;76;56;56;61;46;56;62;42;60;46;33;46;51;39;89;36
PÚBLICA;ENSINO FUNDAMENTAL DE 9 ANOS - 9º ANO;LÍNGUA PORTUGUESA;ESCOLA MUNICIPAL ANTONIO RIBEIRO DOS SANTOS - 29378842;93;82;88%;51%;54%;29%;17%;72;68;59;65;54;45;53;45;55;54;39;41;49;66;43;65;24
MUNICIPAL;ENSINO FUNDAMENTAL DE 9 ANOS - 9º ANO;LÍNGUA PORTUGUESA;ESCOLA MUNICIPAL ANTONIO RIBEIRO DOS SANTOS - 29378842;93;82;88%;51%;54%;29%;17%;72;68;59;65;54;45;53;45;55;54;39;41;49;66;43;65;24
PÚBLICA;ENSINO FUNDAMENTAL DE 9 ANOS - 9º ANO;LÍNGUA PORTUGUESA;ESCOLA MUNICIPAL BARNABE HIPOLITO DA CRUZ - 29023491;25;25;100%;49%;60%;40%;0%;72;70;72;32;54;38;42;62;34;48;36;28;36;52;38;84;40
MUNICIPAL;ENSINO FUNDAMENTAL DE 9 ANOS - 9º ANO;LÍNGUA PORTUGUESA;ESCOLA MUNICIPAL BARNABE HIPOLITO DA CRUZ - 29023491;25;25;100%;49%;60%;40%;0%;72;70;72;32;54;38;42;62;34;48;36;28;36;52;38;84;40
PÚBLICA;ENSINO FUNDAMENTAL DE 9 ANOS - 9º ANO;LÍNGUA PORTUGUESA;ESCOLA MUNICIPAL CORACAO DE JESUS - 29024269;21;18;86%;95%;0%;0%;100%;100;100;100;100;94;94;94;92;94;94;94;94;100;89;81;94;100
MUNICIPAL;ENSINO FUNDAMENTAL DE 9 ANOS - 9º ANO;LÍNGUA PORTUGUESA;ESCOLA MUNICIPAL CORACAO DE JESUS - 29024269;21;18;86%;95%;0%;0%;100%;100;100;100;100;94;94;94;92;94;94;94;94;100;89;81;94;100
PÚBLICA;ENSINO FUNDAMENTAL DE 9 ANOS - 9º ANO;LÍNGUA PORTUGUESA;ESCOLA MUNICIPAL EURICO GASPAR DUTRA - 29023769;4;4;100%;49%;75%;25%;0%;50;88;100;75;38;50;38;63;38;75;25;25;0;50;25;75;25
MUNICIPAL;ENSINO FUNDAMENTAL DE 9 ANOS - 9º ANO;LÍNGUA PORTUGUESA;ESCOLA MUNICIPAL EURICO GASPAR DUTRA - 29023769;4;4;100%;49%;75%;25%;0%;50;88;100;75;38;50;38;63;38;75;25;25;0;50;25;75;25
PÚBLICA;ENSINO FUNDAMENTAL DE 9 ANOS - 9º ANO;LÍNGUA PORTUGUESA;ESCOLA MUNICIPAL JOAO FRANCISCO FELIX - 29023289;13;13;100%;51%;54%;46%;0%;92;69;46;46;62;38;62;54;27;58;54;62;31;92;35;54;23
MUNICIPAL;ENSINO FUNDAMENTAL DE 9 ANOS - 9º ANO;LÍNGUA PORTUGUESA;ESCOLA MUNICIPAL JOAO FRANCISCO FELIX - 29023289;13;13;100%;51%;54%;46%;0%;92;69;46;46;62;38;62;54;27;58;54;62;31;92;35;54;23
PÚBLICA;ENSINO FUNDAMENTAL DE 9 ANOS - 9º ANO;LÍNGUA PORTUGUESA;ESCOLA MUNICIPAL JOSE CARLOS ALELUIA - 29024404;51;47;92%;55%;51%;28%;21%;79;76;64;64;73;45;54;52;48;63;51;47;45;51;33;70;36
MUNICIPAL;ENSINO FUNDAMENTAL DE 9 ANOS - 9º ANO;LÍNGUA PORTUGUESA;ESCOLA MUNICIPAL JOSE CARLOS ALELUIA - 29024404;51;47;92%;55%;51%;28%;21%;79;76;64;64;73;45;54;52;48;63;51;47;45;51;33;70;36
PÚBLICA;ENSINO FUNDAMENTAL DE 9 ANOS - 9º ANO;LÍNGUA PORTUGUESA;ESCOLA MUNICIPAL LIBERATO FELIX MARTINS - 29361591;7;7;100%;40%;86%;14%;0%;57;57;29;14;14;57;50;50;50;29;29;43;43;14;29;57;36
MUNICIPAL;ENSINO FUNDAMENTAL DE 9 ANOS - 9º ANO;LÍNGUA PORTUGUESA;ESCOLA MUNICIPAL LIBERATO FELIX MARTINS - 29361591;7;7;100%;40%;86%;14%;0%;57;57;29;14;14;57;50;50;50;29;29;43;43;14;29;57;36
PÚBLICA;ENSINO FUNDAMENTAL DE 9 ANOS - 9º ANO;LÍNGUA PORTUGUESA;ESCOLA MUNICIPAL OTAVIANO MATOS - 29023955;20;19;95%;61%;32%;32%;37%;79;82;68;95;61;53;39;74;63;68;68;11;63;79;63;79;16
MUNICIPAL;ENSINO FUNDAMENTAL DE 9 ANOS - 9º ANO;LÍNGUA PORTUGUESA;ESCOLA MUNICIPAL OTAVIANO MATOS - 29023955;20;19;95%;61%;32%;32%;37%;79;82;68;95;61;53;39;74;63;68;68;11;63;79;63;79;16
PÚBLICA;ENSINO FUNDAMENTAL DE 9 ANOS - 9º ANO;LÍNGUA PORTUGUESA;ESCOLA MUNICIPAL PADRE ADOLFO ANTUNES - 29023637;18;18;100%;56%;44%;39%;17%;67;81;72;50;72;53;50;69;31;56;78;67;56;67;22;72;36
MUNICIPAL;ENSINO FUNDAMENTAL DE 9 ANOS - 9º ANO;LÍNGUA PORTUGUESA;ESCOLA MUNICIPAL PADRE ADOLFO ANTUNES - 29023637;18;18;100%;56%;44%;39%;17%;67;81;72;50;72;53;50;69;31;56;78;67;56;67;22;72;36
PÚBLICA;ENSINO FUNDAMENTAL DE 9 ANOS - 9º ANO;LÍNGUA PORTUGUESA;ESCOLA MUNICIPAL PROFESSORA MARIA JULIA - 29023408;7;7;100%;53%;29%;71%;0%;86;71;86;86;50;43;86;57;29;71;43;57;0;86;7;57;21
MUNICIPAL;ENSINO FUNDAMENTAL DE 9 ANOS - 9º ANO;LÍNGUA PORTUGUESA;ESCOLA MUNICIPAL PROFESSORA MARIA JULIA - 29023408;7;7;100%;53%;29%;71%;0%;86;71;86;86;50;43;86;57;29;71;43;57;0;86;7;57;21
PÚBLICA;ENSINO FUNDAMENTAL DE 9 ANOS - 9º ANO;LÍNGUA PORTUGUESA;ESCOLA MUNICIPAL SANTA RITA - 29361214;15;15;100%;56%;27%;73%;0%;93;80;60;73;60;47;40;60;50;60;53;60;53;73;33;73;30
MUNICIPAL;ENSINO FUNDAMENTAL DE 9 ANOS - 9º ANO;LÍNGUA PORTUGUESA;ESCOLA MUNICIPAL SANTA RITA - 29361214;15;15;100%;56%;27%;73%;0%;93;80;60;73;60;47;40;60;50;60;53;60;53;73;33;73;30