Rede;Ano Escolar;Componente Curricular;Escola;Turma;Previstos;Avaliados;% Participação;Acerto Total;Defasagem;Aprendizado intermediário;Aprendizado adequado;H 01 (%);H 02 (%);H 03 (%);H 04 (%);H 05 (%);H 06 (%);H 07 (%);H 08 (%);H 09 (%);H 10 (%);H 11 (%);H 12 (%);H 13 (%);H 14 (%);H 15 (%);H 16 (%);H 17 (%);H 18 (%);H 19 (%)
MUNICIPAL;ENSINO FUNDAMENTAL DE 9 ANOS - 9º ANO;MATEMÁTICA;ESCOLA MUNICIPAL SANTA RITA - 29361214;9 ANO;15;15;100%;54%;13%;67%;20%;93;93;87;60;53;20;67;13;67;60;7;13;27;93;67;60;0;70;77
MUNICIPAL;ENSINO FUNDAMENTAL DE 9 ANOS - 9º ANO;MATEMÁTICA;ESCOLA MUNICIPAL OTAVIANO MATOS - 29023955;9 ANO;20;19;95%;45%;53%;16%;32%;58;58;53;47;47;34;32;50;47;39;58;26;47;47;26;53;42;53;53
MUNICIPAL;ENSINO FUNDAMENTAL DE 9 ANOS - 9º ANO;MATEMÁTICA;ESCOLA MUNICIPAL JOSE CARLOS ALELUIA - 29024404;9 ANO A;27;27;100%;40%;41%;56%;4%;74;48;22;48;56;20;7;33;59;56;33;59;30;81;13;35;15;33;63
MUNICIPAL;ENSINO FUNDAMENTAL DE 9 ANOS - 9º ANO;MATEMÁTICA;ESCOLA MUNICIPAL JOSE CARLOS ALELUIA - 29024404;9 ANO B;24;22;92%;26%;95%;5%;0%;23;23;45;32;18;25;0;30;32;32;9;14;14;59;30;25;36;18;20
MUNICIPAL;ENSINO FUNDAMENTAL DE 9 ANOS - 9º ANO;MATEMÁTICA;ESCOLA MUNICIPAL LIBERATO FELIX MARTINS - 29361591;9 ano;7;7;100%;47%;43%;14%;43%;29;29;71;14;57;79;57;43;43;64;43;14;57;71;43;50;0;43;43
MUNICIPAL;ENSINO FUNDAMENTAL DE 9 ANOS - 9º ANO;MATEMÁTICA;COLEGIO MUNICIPAL DOUTOR SCIPIAO TORRES - 29023270;9º  ANO B 2026;25;23;92%;25%;87%;13%;0%;39;22;39;26;17;11;9;22;22;33;13;35;26;65;13;24;0;33;33
MUNICIPAL;ENSINO FUNDAMENTAL DE 9 ANOS - 9º ANO;MATEMÁTICA;ESCOLA MUNICIPAL CORACAO DE JESUS - 29024269;9º ANO;21;21;100%;55%;14%;57%;29%;33;52;62;100;81;52;76;45;76;45;14;10;52;71;12;69;86;55;76
MUNICIPAL;ENSINO FUNDAMENTAL DE 9 ANOS - 9º ANO;MATEMÁTICA;ESCOLA MUNICIPAL BARNABE HIPOLITO DA CRUZ - 29023491;9º ANO;25;25;100%;35%;76%;24%;0%;36;72;32;52;24;18;4;50;36;24;24;24;60;48;30;40;36;28;36
MUNICIPAL;ENSINO FUNDAMENTAL DE 9 ANOS - 9º ANO;MATEMÁTICA;ESCOLA MUNICIPAL PROFESSORA MARIA JULIA - 29023408;9º ANO;7;7;100%;60%;29%;0%;71%;86;86;86;100;57;93;86;7;86;36;14;100;71;29;79;50;0;71;50
MUNICIPAL;ENSINO FUNDAMENTAL DE 9 ANOS - 9º ANO;MATEMÁTICA;ESCOLA MUNICIPAL JOAO FRANCISCO FELIX - 29023289;9º ANO 2026;13;13;100%;36%;62%;38%;0%;62;23;77;31;46;42;8;38;38;42;8;15;38;69;8;35;15;54;35
MUNICIPAL;ENSINO FUNDAMENTAL DE 9 ANOS - 9º ANO;MATEMÁTICA;ESCOLA MUNICIPAL ANTONIO RIBEIRO DOS SANTOS - 29378842;9º ANO A;30;28;93%;61%;21%;18%;61%;75;68;57;68;57;50;4;70;82;75;71;39;61;82;30;63;21;70;89
MUNICIPAL;ENSINO FUNDAMENTAL DE 9 ANOS - 9º ANO;MATEMÁTICA;COLEGIO MUNICIPAL DOUTOR SCIPIAO TORRES - 29023270;9º ANO A 2026;34;34;100%;42%;47%;44%;9%;65;59;59;21;68;13;9;37;59;43;47;12;62;65;10;62;53;37;59
MUNICIPAL;ENSINO FUNDAMENTAL DE 9 ANOS - 9º ANO;MATEMÁTICA;COLEGIO MUNICIPAL PROFESSOR IVO BRAGA - 29023262;9º ANO A MATUTINO 2026;28;27;96%;31%;70%;26%;4%;44;37;56;41;41;15;15;30;19;48;22;22;26;59;17;39;30;33;22
MUNICIPAL;ENSINO FUNDAMENTAL DE 9 ANOS - 9º ANO;MATEMÁTICA;ESCOLA MUNICIPAL ANTONIO RIBEIRO DOS SANTOS - 29378842;9º ANO B;28;28;100%;52%;36%;36%;29%;57;68;64;86;50;43;32;41;61;50;11;54;57;32;54;68;43;55;59
MUNICIPAL;ENSINO FUNDAMENTAL DE 9 ANOS - 9º ANO;MATEMÁTICA;COLEGIO MUNICIPAL PROFESSOR IVO BRAGA - 29023262;9º ANO B MATUTINO 2026;24;20;83%;27%;80%;15%;5%;45;50;15;20;25;18;30;20;45;25;10;20;35;60;10;18;15;30;48
MUNICIPAL;ENSINO FUNDAMENTAL DE 9 ANOS - 9º ANO;MATEMÁTICA;ESCOLA MUNICIPAL ANTONIO RIBEIRO DOS SANTOS - 29378842;9º ANO C;35;32;91%;41%;63%;25%;13%;38;34;31;47;9;34;9;42;50;31;13;63;38;38;41;39;78;50;73
MUNICIPAL;ENSINO FUNDAMENTAL DE 9 ANOS - 9º ANO;MATEMÁTICA;COLEGIO MUNICIPAL DOUTOR SCIPIAO TORRES - 29023270;9º ANO C 2026;26;23;88%;28%;96%;4%;0%;39;30;48;30;22;26;13;37;39;33;17;35;17;61;4;30;17;20;24
MUNICIPAL;ENSINO FUNDAMENTAL DE 9 ANOS - 9º ANO;MATEMÁTICA;COLEGIO MUNICIPAL PROFESSOR IVO BRAGA - 29023262;9º ANO C VESPERTINO 2026;31;27;87%;32%;78%;19%;4%;22;63;44;26;41;24;15;33;33;43;11;26;33;67;15;26;22;26;52
MUNICIPAL;ENSINO FUNDAMENTAL DE 9 ANOS - 9º ANO;MATEMÁTICA;COLEGIO MUNICIPAL DOUTOR SCIPIAO TORRES - 29023270;9º ANO D 2026;33;31;94%;25%;90%;10%;0%;16;35;19;19;16;16;6;27;42;27;16;6;35;74;13;39;6;29;27
MUNICIPAL;ENSINO FUNDAMENTAL DE 9 ANOS - 9º ANO;MATEMÁTICA;ESCOLA MUNICIPAL EURICO GASPAR DUTRA - 29023769;9º ano;4;4;100%;43%;50%;50%;0%;50;75;50;0;75;50;0;0;50;63;0;75;25;50;13;75;0;50;88
MUNICIPAL;ENSINO FUNDAMENTAL DE 9 ANOS - 9º ANO;MATEMÁTICA;ESCOLA MUNICIPAL PADRE ADOLFO ANTUNES - 29023637;NONO ANO;18;18;100%;23%;100%;0%;0%;17;44;33;33;28;17;0;28;61;11;11;11;39;22;17;33;6;28;17